{
    "users": [{
            "username": "JakeWharton",
            "name": "Jake Wharton",
            "avatar": "https://avatars0.githubusercontent.com/u/66577?s=400&v=4",
            "company": "Google, Inc.",
            "location": "Pittsburgh, PA, USA",
            "repository": 102,
            "follower": 56995,
            "following": 12
        },
        {
            "username": "amitshekhariitbhu",
            "name": "AMIT SHEKHAR",
            "avatar": "https://avatars1.githubusercontent.com/u/9877145?s=400&u=dc129425e403bffd62c59b2840eb6603978966d1&v=4",
            "company": "@MindOrksOpenSource",
            "location": "New Delhi, India",
            "repository": 37,
            "follower": 5153,
            "following": 2
        },
        {
            "username": "romainguy",
            "name": "Romain Guy",
            "avatar": "https://avatars0.githubusercontent.com/u/869684?s=400&v=4",
            "company": "Google",
            "location": "California",
            "repository": 9,
            "follower": 7972,
            "following": 0
        },
        {
            "username": "chrisbanes",
            "name": "Chris Banes",
            "avatar": "https://avatars1.githubusercontent.com/u/227486?s=400&v=4",
            "company": "@google working on @android",
            "location": "Sydney, Australia",
            "repository": 30,
            "follower": 14725,
            "following": 1
        },
        {
            "username": "tipsy",
            "name": "David",
            "avatar": "https://avatars3.githubusercontent.com/u/1521451?s=400&u=b806a0eea366cecab98904edcadabf3250df6807&v=4",
            "company": "Working Group Two",
            "location": "Trondheim, Norway",
            "repository": 56,
            "follower": 788,
            "following": 0
        },
        {
            "username": "ravi8x",
            "name": "Ravi Tamada",
            "avatar": "https://avatars2.githubusercontent.com/u/497670?s=400&v=4",
            "company": "AndroidHive | Droid5",
            "location": "India",
            "repository": 28,
            "follower": 18628,
            "following": 3
        },
        {
            "username": "jasoet",
            "name": "Deny Prasetyo",
            "avatar": "https://avatars0.githubusercontent.com/u/363917?s=400&u=6401671f92d56620fc1d9cdfb2441a1d99802e9e&v=4",
            "company": "@gojek-engineering",
            "location": "Kotagede, Yogyakarta, Indonesia",
            "repository": 44,
            "follower": 277,
            "following": 39
        },
        {
            "username": "budioktaviyan",
            "name": "Budi Oktaviyan",
            "avatar": "https://avatars2.githubusercontent.com/u/2031493?s=400&u=bf29b77796eb28450aa6e7ff97e541ca82701a3e&v=4",
            "company": "@KotlinID",
            "location": "Jakarta, Indonesia",
            "repository": 110,
            "follower": 178,
            "following": 23
        },
        {
            "username": "hendisantika",
            "name": "Hendi Santika",
            "avatar": "https://avatars2.githubusercontent.com/u/3713580?s=400&u=85c56f249bb125f09df09701dfe155cb19950426&v=4",
            "company": "@JVMDeveloperID @KotlinID @IDDevOps",
            "location": "Bojongsoang - Bandung Jawa Barat",
            "repository": 1064,
            "follower": 428,
            "following": 61
        },
        {
            "username": "sidiqpermana",
            "name": "Sidiq Permana",
            "avatar": "https://avatars2.githubusercontent.com/u/4090245?s=400&u=37f49f0993a7d68886786bc7295eab7760b0227f&v=4",
            "company": "Nusantara Beta Studio",
            "location": "Jakarta Indonesia",
            "repository": 65,
            "follower": 465,
            "following": 10
        },
        {
            "username": "Shaumaaldo",
            "name": "TikitiwBangBang",
            "avatar": "https://avatars2.githubusercontent.com/u/19833105?s=400&u=9aaba8838432c40de15521a59b8a546625af20e0&v=4",
            "company": "none",
            "location": "Jakarta Indonesia",
            "repository": 6,
            "follower": 0,
            "following": 2
        }
    ]
}